id;voornaam;achternaam;initialen;weergavenaam;geslacht;geboortedatum;relatietype;inschrijvingsdatum;straatnaam;huisnummer;postcode;woonplaats;land;email;email_2;telefoonnummer;telefoonnummer_2;telefoonnummer_3;ibancode;knsb_relatienummer;pasfoto;pasfoto_content_type;privacy_verklaring;privacy_verklaring_content_type
fe1e7d05-a4af-44f0-be9e-e5da07313402;Account instruction Global;Zachte Producer;dijk;Kruiden Handgemaakt;X;2021-07-07;DONATEUR;2021-07-07T11:15:07;asymmetric dijk;25965;Ergonomisch e-enable brand;Speelgoed;Pitcairn;Max_Linden51@yahoo.com;Madagaskar;97015;9954;86541;Films time-frame Investor;61189;../fake-data/blob/hipster.png;image/png;../fake-data/blob/hipster.png;image/png
17b80ad2-cbb7-4fe0-94b4-9a7de6202caa;groen;gracht;Customer smakelijke Engineer;cross-platform Cambridgeshire Schoenen;X;2021-07-07;LID;2021-07-07T14:23:26;Cambridgeshire Loan Account;59772;Chief Account;Inverse;online Factors;Bas95@gmail.com;park indigo;20973;97359;32774;Dynamic programming HDD;23444;../fake-data/blob/hipster.png;image/png;../fake-data/blob/hipster.png;image/png
d9bf4ebd-b037-4e9c-8ff9-d4c92aa28850;Administrator action-items Applications;District leading-edge;Distributed;koningblauw harde Auto;MAN;2021-07-07;DONATEUR;2021-07-07T18:28:41;Account hacken;66377;hardware;exuding Verzorging dynamic;Balboa;Lisa.Brouwer@yahoo.com;withdrawal Falkland Factors;73328;36038;65102;Kleding framework Prachtig;55120;../fake-data/blob/hipster.png;image/png;../fake-data/blob/hipster.png;image/png
1180303a-ae12-496a-bed0-bda7aa0ccaa4;Stoel;Computer Wollen;Boekenkast Berkshire;plantsoen USB park;VROUW;2021-07-07;JEUGDSCHAATSLID;2021-07-07T07:24:24;oker Director condensator;47504;Intelligent cross-platform Account;Borders Virtual;Lilangeni;Bram70@gmail.com;Dynamic Principal object-oriented;28890;94358;96903;Salvador;55459;../fake-data/blob/hipster.png;image/png;../fake-data/blob/hipster.png;image/png
20cf5fea-62f8-4ed2-94f3-7a95b0fe4535;Kaasschaaf 24/7 Uitgekiend;user-facing Granieten programma;Auto;transitional frame;X;2021-07-07;DONATEUR;2021-07-07T16:13:21;reinvent Loan Balanced;98796;scalable;ondersteunende;bypassing Zuid-Holland Speelgoed;Kevin47@yahoo.com;Bevroren indexing;28385;30367;21289;Rial;65507;../fake-data/blob/hipster.png;image/png;../fake-data/blob/hipster.png;image/png
bfffed6c-001b-48d4-8eb3-443e6421ec0b;Wollen Zachte;Consultant HTTP zwart;gracht Money;Manager improvement Caymaneilanden;VROUW;2021-07-06;DONATEUR;2021-07-07T19:16:01;context-sensitive Shirt geel;59623;minuscule Verzorging;SQL omzeilen;Katoenen generating;Jan_Vos51@gmail.com;Granieten Facilitator ivoor;96157;87592;49664;convergence;53508;../fake-data/blob/hipster.png;image/png;../fake-data/blob/hipster.png;image/png
6ccca20c-b2fc-40af-99ae-c3fe62720480;indexing wit;stroomkring Worstjes;Integrated;Account;VROUW;2021-07-07;LID;2021-07-07T04:43:12;exuding tangible;36629;Verse Creative;Berkshire fuchsia Intelligent;RSS Monitored Slank;Jan80@yahoo.com;Strategist engineer;23905;65078;37154;cohesive Developer;34618;../fake-data/blob/hipster.png;image/png;../fake-data/blob/hipster.png;image/png
301e3425-cdfc-4862-88ff-459704d04f80;navigating Bedfordshire Boekenkast;TCP Kruiden;overriding invoice;driver Smakelijk;VROUW;2021-07-07;DONATEUR;2021-07-07T21:11:10;pixel backing;66488;Boekenkast omzeilen;withdrawal Fiets Houten;Trui value-added Berkshire;Emma22@gmail.com;plantsoen;44262;81475;67826;Salade;14398;../fake-data/blob/hipster.png;image/png;../fake-data/blob/hipster.png;image/png
b3cf1e4e-1300-48a6-99ef-fa87a5dae4c5;Switchable driver Human;mission-critical Flevoland Functionality;Groningen support;Savings;MAN;2021-07-07;DONATEUR;2021-07-07T04:47:35;systemic;52285;verbinding;synthesizing gracht invoice;Noord-Brabant Ongelooflijk Kruiden;Jesse.Dijkstra6@gmail.com;Implemented;35924;92143;57365;TCP optimizing;66526;../fake-data/blob/hipster.png;image/png;../fake-data/blob/hipster.png;image/png
1867efbc-88ec-40b4-8e27-9469f691e7ba;paradigms ivoor;herstarten;infomediaries;weg;VROUW;2021-07-07;LID;2021-07-07T15:20:25;optische payment;59000;Account omzeilen e-enable;Account;extend withdrawal;Mike24@yahoo.com;Senior;89865;15604;19501;capacity Slank;34263;../fake-data/blob/hipster.png;image/png;../fake-data/blob/hipster.png;image/png
